Workbook
Name Срез_Имя_товара: #N/A

Sheet Исходные данные
B3: Артикул товара | C3: Имя товара | D3: Цена на РЦ, руб | E3: Цена на прямую поставку, регион Сибирь, руб | F3: Цена на прямую поставку, город, руб | G3: Город
B4: 627395 | C4: Товар 1 | D4: 93 | E4: =D4*1.04 -> 96.72 | F4: 0 | G4: Новосибирск
B5: 627395 | C5: Товар 1 | D5: 93 | E5: =D5*1.04 -> 96.72 | F5: 0 | G5: Курган
B6: 627395 | C6: Товар 1 | D6: 93 | E6: =D6*1.04 -> 96.72 | F6: 129 | G6: Сургут
B7: 627395 | C7: Товар 1 | D7: 93 | E7: =D7*1.04 -> 96.72 | F7: 0 | G7: Тобольск
B8: 627395 | C8: Товар 1 | D8: 93 | E8: =D8*1.04 -> 96.72 | F8: 0 | G8: Тюмень
B9: 666632 | C9: Товар 2 | D9: 130 | E9: =D9*1.04 -> 135.2 | F9: 90 | G9: Новосибирск
B10: 666632 | C10: Товар 2 | D10: 130 | E10: =D10*1.04 -> 135.2 | F10: 0 | G10: Курган
B11: 666632 | C11: Товар 2 | D11: 130 | E11: =D11*1.04 -> 135.2 | F11: 72 | G11: Сургут
B12: 666632 | C12: Товар 2 | D12: 130 | E12: =D12*1.04 -> 135.2 | F12: 0 | G12: Тобольск
B13: 666632 | C13: Товар 2 | D13: 130 | E13: =D13*1.04 -> 135.2 | F13: 120 | G13: Тюмень
B14: 315787 | C14: Товар 3 | D14: 123 | E14: =D14*1.04 -> 127.92 | F14: 54 | G14: Новосибирск
B15: 315787 | C15: Товар 3 | D15: 123 | E15: =D15*1.04 -> 127.92 | F15: 0 | G15: Курган
... B23: 156841 | C23: Товар 4 | D23: 90 | E23: =D23*1.04 -> 93.6 | F23: 0 | G23: Тюмень

Sheet Задача
B2: Кейс
B3: На листе "Исходные данные" представлен перечень товаров - выгрузка из базы данных
B4: Каждый товар имеет цену до РЦ
B5: Каждый товар имеет региональную цену прямой поставки
B6: Некоторые цены имеют городскую цену прямой поставки
B7: Поставщик товаров имеет сложную логистику - в ряд городов поставляет ассортимент через РЦ
B8: Но в Новосибирск, Курган, Сургут, Тобольск и Тюмень - поставки - прямые
B9: Требуется:
B10: Установить корректную цену на города, согласно договорённостям с поставщиком
B12: Договоренности:
B13: Город | C13: Актуальная городская цена для прямой поставки:
B14: Новосибирск | C14: Цена до РЦ, +4%
B15: Курган | C15: Цена до РЦ, +12%
B16: Сургут | C16: Цена до РЦ, +9%
B17: Тобольск | C17: Цена до РЦ, +8%
B18: Тюмень | C18: Цена до РЦ, +2%
B20: Примечание:
B21: Сейчас на ассортимент действуют цены прямых поставок:
B22: Городская цена, если она установлена
B23: Региональная цена, если городская - не установлена (равна нулю)
B25: Задача
B26: Посчитать верные городские цены на прямые поставки, согласно договоренностям с поставщиком

Sheet СВОД
E3: Номер столбца для ВПР | J3: Цена РЦ + Х%. Х =…
E4: =MATCH(E6,ГородскиеЦены_2[#Headers],0) -> 3 | F4: =MATCH(F6,ГородскиеЦены_2[#Headers],0) -> 4 | G4: =MATCH(G6,ГородскиеЦены_2[#Headers],0) -> 5 | H4: =MATCH(H6,ГородскиеЦены_2[#Headers],0) -> 6 | I4: =MATCH(I6,ГородскиеЦены_2[#Headers],0) -> 7 | J4: 4 | K4: 12 | L4: 10 | M4: 8 | N4: 2
E5: Старая цена прямой поставки | J5: Новая цена прямой поставки | O5: % изменения цены на прямую поставку
B6: Артикул | C6: Имя товара | D6: Цена до РЦ | E6: Новосибирск | F6: Курган | G6: Сургут | H6: Тобольск | I6: Тюмень | J6: Новосибирск | K6: Курган | L6: Сургут | M6: Тобольск | N6: Тюмень | O6: Новосибирск | P6: Курган | Q6: Сургут | R6: Тобольск | S6: Тюмень
B7: 627395 | C7: Товар 1 | D7: =VLOOKUP(B7,'Исходные данные'!B4:D23,3,0) -> 93 | E7: =IF(VLOOKUP($B7,ГородскиеЦены_2[],СВОД!E$4,0)=0,VLOOKUP(СВОД!$B7,РегиональныеЦены[],3,0),VLOOKUP($B7,ГородскиеЦены_2[],СВОД!E$4,0)) -> 96.72 | F7: =IF(VLOOKUP($B7,ГородскиеЦены_2[],СВОД!F$4,0)=0,VLOOKUP(СВОД!$B7,РегиональныеЦены[],3,0),VLOOKUP($B7,ГородскиеЦены_2[],СВОД!F$4,0)) -> 96.72 | G7: =IF(VLOOKUP($B7,ГородскиеЦены_2[],СВОД!G$4,0)=0,VLOOKUP(СВОД!$B7,РегиональныеЦены[],3,0),VLOOKUP($B7,ГородскиеЦены_2[],СВОД!G$4,0)) -> 129 | H7: =IF(VLOOKUP($B7,ГородскиеЦены_2[],СВОД!H$4,0)=0,VLOOKUP(СВОД!$B7,РегиональныеЦены[],3,0),VLOOKUP($B7,ГородскиеЦены_2[],СВОД!H$4,0)) -> 96.72 | I7: =IF(VLOOKUP($B7,ГородскиеЦены_2[],СВОД!I$4,0)=0,VLOOKUP(СВОД!$B7,РегиональныеЦены[],3,0),VLOOKUP($B7,ГородскиеЦены_2[],СВОД!I$4,0)) -> 96.72 | J7: =D7*J$4%+D7 -> 96.72 | K7: =E7*K$4%+E7 -> 108.3264 | L7: =F7*L$4%+F7 -> 106.392 | M7: =G7*M$4%+G7 -> 139.32 | N7: =H7*N$4%+H7 -> 98.6544 | O7: =J7/E7-1 -> 0 | P7: =K7/F7-1 -> 0.12 | Q7: =L7/G7-1 -> -0.17525581 | R7: =M7/H7-1 -> 0.44044665 | S7: =N7/I7-1 -> 0.02
B8: 666632 | C8: Товар 2 | D8: =VLOOKUP(B8,'Исходные данные'!B5:D24,3,0) -> 130 | E8: =IF(VLOOKUP($B8,ГородскиеЦены_2[],СВОД!E$4,0)=0,VLOOKUP(СВОД!$B8,РегиональныеЦены[],3,0),VLOOKUP($B8,ГородскиеЦены_2[],СВОД!E$4,0)) -> 90 | F8: =IF(VLOOKUP($B8,ГородскиеЦены_2[],СВОД!F$4,0)=0,VLOOKUP(СВОД!$B8,РегиональныеЦены[],3,0),VLOOKUP($B8,ГородскиеЦены_2[],СВОД!F$4,0)) -> 135.2 | G8: =IF(VLOOKUP($B8,ГородскиеЦены_2[],СВОД!G$4,0)=0,VLOOKUP(СВОД!$B8,РегиональныеЦены[],3,0),VLOOKUP($B8,ГородскиеЦены_2[],СВОД!G$4,0)) -> 72 | H8: =IF(VLOOKUP($B8,ГородскиеЦены_2[],СВОД!H$4,0)=0,VLOOKUP(СВОД!$B8,РегиональныеЦены[],3,0),VLOOKUP($B8,ГородскиеЦены_2[],СВОД!H$4,0)) -> 135.2 | I8: =IF(VLOOKUP($B8,ГородскиеЦены_2[],СВОД!I$4,0)=0,VLOOKUP(СВОД!$B8,РегиональныеЦены[],3,0),VLOOKUP($B8,ГородскиеЦены_2[],СВОД!I$4,0)) -> 120 | J8: =D8*J$4%+D8 -> 135.2 | K8: =E8*K$4%+E8 -> 100.8 | L8: =F8*L$4%+F8 -> 148.72 | M8: =G8*M$4%+G8 -> 77.76 | N8: =H8*N$4%+H8 -> 137.904 | O8: =J8/E8-1 -> 0.50222222 | P8: =K8/F8-1 -> -0.25443787 | Q8: =L8/G8-1 -> 1.0655556 | R8: =M8/H8-1 -> -0.42485207 | S8: =N8/I8-1 -> 0.1492
B9: 315787 | C9: Товар 3 | D9: =VLOOKUP(B9,'Исходные данные'!B6:D25,3,0) -> 123 | E9: =IF(VLOOKUP($B9,ГородскиеЦены_2[],СВОД!E$4,0)=0,VLOOKUP(СВОД!$B9,РегиональныеЦены[],3,0),VLOOKUP($B9,ГородскиеЦены_2[],СВОД!E$4,0)) -> 54 | F9: =IF(VLOOKUP($B9,ГородскиеЦены_2[],СВОД!F$4,0)=0,VLOOKUP(СВОД!$B9,РегиональныеЦены[],3,0),VLOOKUP($B9,ГородскиеЦены_2[],СВОД!F$4,0)) -> 127.92 | G9: =IF(VLOOKUP($B9,ГородскиеЦены_2[],СВОД!G$4,0)=0,VLOOKUP(СВОД!$B9,РегиональныеЦены[],3,0),VLOOKUP($B9,ГородскиеЦены_2[],СВОД!G$4,0)) -> 50 | H9: =IF(VLOOKUP($B9,ГородскиеЦены_2[],СВОД!H$4,0)=0,VLOOKUP(СВОД!$B9,РегиональныеЦены[],3,0),VLOOKUP($B9,ГородскиеЦены_2[],СВОД!H$4,0)) -> 127.92 | I9: =IF(VLOOKUP($B9,ГородскиеЦены_2[],СВОД!I$4,0)=0,VLOOKUP(СВОД!$B9,РегиональныеЦены[],3,0),VLOOKUP($B9,ГородскиеЦены_2[],СВОД!I$4,0)) -> 146 | J9: =D9*J$4%+D9 -> 127.92 | K9: =E9*K$4%+E9 -> 60.48 | L9: =F9*L$4%+F9 -> 140.712 | M9: =G9*M$4%+G9 -> 54 | N9: =H9*N$4%+H9 -> 130.4784 | O9: =J9/E9-1 -> 1.3688889 | P9: =K9/F9-1 -> -0.5272045 | Q9: =L9/G9-1 -> 1.81424 | R9: =M9/H9-1 -> -0.57786116 | S9: =N9/I9-1 -> -0.10631233
B10: 156841 | C10: Товар 4 | D10: =VLOOKUP(B10,'Исходные данные'!B7:D26,3,0) -> 90 | E10: =IF(VLOOKUP($B10,ГородскиеЦены_2[],СВОД!E$4,0)=0,VLOOKUP(СВОД!$B10,РегиональныеЦены[],3,0),VLOOKUP($B10,ГородскиеЦены_2[],СВОД!E$4,0)) -> 93.6 | F10: =IF(VLOOKUP($B10,ГородскиеЦены_2[],СВОД!F$4,0)=0,VLOOKUP(СВОД!$B10,РегиональныеЦены[],3,0),VLOOKUP($B10,ГородскиеЦены_2[],СВОД!F$4,0)) -> 96 | G10: =IF(VLOOKUP($B10,ГородскиеЦены_2[],СВОД!G$4,0)=0,VLOOKUP(СВОД!$B10,РегиональныеЦены[],3,0),VLOOKUP($B10,ГородскиеЦены_2[],СВОД!G$4,0)) -> 93.6 | H10: =IF(VLOOKUP($B10,ГородскиеЦены_2[],СВОД!H$4,0)=0,VLOOKUP(СВОД!$B10,РегиональныеЦены[],3,0),VLOOKUP($B10,ГородскиеЦены_2[],СВОД!H$4,0)) -> 133 | I10: =IF(VLOOKUP($B10,ГородскиеЦены_2[],СВОД!I$4,0)=0,VLOOKUP(СВОД!$B10,РегиональныеЦены[],3,0),VLOOKUP($B10,ГородскиеЦены_2[],СВОД!I$4,0)) -> 93.6 | J10: =D10*J$4%+D10 -> 93.6 | K10: =E10*K$4%+E10 -> 104.832 | L10: =F10*L$4%+F10 -> 105.6 | M10: =G10*M$4%+G10 -> 101.088 | N10: =H10*N$4%+H10 -> 135.66 | O10: =J10/E10-1 -> 0 | P10: =K10/F10-1 -> 0.092 | Q10: =L10/G10-1 -> 0.12820513 | R10: =M10/H10-1 -> -0.23993985 | S10: =N10/I10-1 -> 0.44935897

Sheet Изменения цен по товарам
B2: % изменения цены на прямую поставку
B3: Артикул | C3: Имя товара | D3: Новосибирск | E3: Курган | F3: Сургут | G3: Тобольск | H3: Тюмень
B4: 627395 | C4: Товар 1 | D4: 0 | E4: 0.12 | F4: -0.17525581 | G4: 0.44044665 | H4: 0.02
B5: 666632 | C5: Товар 2 | D5: 0.50222222 | E5: -0.25443787 | F5: 1.0655556 | G5: -0.42485207 | H5: 0.1492
B6: 315787 | C6: Товар 3 | D6: 1.3688889 | E6: -0.5272045 | F6: 1.81424 | G6: -0.57786116 | H6: -0.10631233
B7: 156841 | C7: Товар 4 | D7: 0 | E7: 0.092 | F7: 0.12820513 | G7: -0.23993985 | H7: 0.44935897

Sheet Работа с данными
C3: Артикул товара | D3: Имя товара | E3: Цена на РЦ, руб | F3: Цена на прямую поставку, регион Сибирь, руб | G3: Цена на прямую поставку, город, руб | H3: Город
C4: 627395 | D4: Товар 1 | E4: 93 | F4: =E4*1.04 -> 96.72 | G4: 0 | H4: Новосибирск
C5: 627395 | D5: Товар 1 | E5: 93 | F5: =E5*1.04 -> 96.72 | G5: 0 | H5: Курган
C6: 627395 | D6: Товар 1 | E6: 93 | F6: =E6*1.04 -> 96.72 | G6: 129 | H6: Сургут
C7: 627395 | D7: Товар 1 | E7: 93 | F7: =E7*1.04 -> 96.72 | G7: 0 | H7: Тобольск
C8: 627395 | D8: Товар 1 | E8: 93 | F8: =E8*1.04 -> 96.72 | G8: 0 | H8: Тюмень
C9: 666632 | D9: Товар 2 | E9: 130 | F9: =E9*1.04 -> 135.2 | G9: 90 | H9: Новосибирск
C10: 666632 | D10: Товар 2 | E10: 130 | F10: =E10*1.04 -> 135.2 | G10: 0 | H10: Курган
C11: 666632 | D11: Товар 2 | E11: 130 | F11: =E11*1.04 -> 135.2 | G11: 72 | H11: Сургут
C12: 666632 | D12: Товар 2 | E12: 130 | F12: =E12*1.04 -> 135.2 | G12: 0 | H12: Тобольск
C13: 666632 | D13: Товар 2 | E13: 130 | F13: =E13*1.04 -> 135.2 | G13: 120 | H13: Тюмень
C14: 315787 | D14: Товар 3 | E14: 123 | F14: =E14*1.04 -> 127.92 | G14: 54 | H14: Новосибирск
C15: 315787 | D15: Товар 3 | E15: 123 | F15: =E15*1.04 -> 127.92 | G15: 0 | H15: Курган
... C23: 156841 | D23: Товар 4 | E23: 90 | F23: =E23*1.04 -> 93.6 | G23: 0 | H23: Тюмень

Sheet Региональные цены
B3: Артикул товара | C3: Имя товара | D3: Цена на прямую поставку, регион Сибирь, руб
B4: 627395 | C4: Товар 1 | D4: 96.72
B5: 627395 | C5: Товар 1 | D5: 96.72
B6: 627395 | C6: Товар 1 | D6: 96.72
B7: 627395 | C7: Товар 1 | D7: 96.72
B8: 627395 | C8: Товар 1 | D8: 96.72
B9: 666632 | C9: Товар 2 | D9: 135.2
B10: 666632 | C10: Товар 2 | D10: 135.2
B11: 666632 | C11: Товар 2 | D11: 135.2
B12: 666632 | C12: Товар 2 | D12: 135.2
B13: 666632 | C13: Товар 2 | D13: 135.2
B14: 315787 | C14: Товар 3 | D14: 127.92
B15: 315787 | C15: Товар 3 | D15: 127.92
... B23: 156841 | C23: Товар 4 | D23: 93.6

Sheet ГородскиеЦены
A1: Артикул товара | B1: Имя товара | C1: Новосибирск | D1: Курган | E1: Сургут | F1: Тобольск | G1: Тюмень
A2: 156841 | B2: Товар 4 | C2: 0 | D2: 96 | E2: 0 | F2: 133 | G2: 0
A3: 315787 | B3: Товар 3 | C3: 54 | D3: 0 | E3: 50 | F3: 0 | G3: 146
A4: 627395 | B4: Товар 1 | C4: 0 | D4: 0 | E4: 129 | F4: 0 | G4: 0
A5: 666632 | B5: Товар 2 | C5: 90 | D5: 0 | E5: 72 | F5: 0 | G5: 120
